<?xml version="1.0" encoding="utf-8"?>
<Data xmlns:xsi="http://www.w3.org/2001/XMLSchema-instance" xmlns:xsd="http://www.w3.org/2001/XMLSchema">
  <Ingredient_types_list xsi:type="IndependentType">
    <Temperature_dependent>false</Temperature_dependent>
    <Way_of_cooking_dependent>false</Way_of_cooking_dependent>
    <Name>Fruits</Name>
  </Ingredient_types_list>
  <Ingredient_types_list xsi:type="CookingDependentType">
    <Temperature_dependent>false</Temperature_dependent>
    <Way_of_cooking_dependent>true</Way_of_cooking_dependent>
    <Name>Vegetables</Name>
    <Additional_calories>4</Additional_calories>
    <Cooking_type>6</Cooking_type>
  </Ingredient_types_list>
  <Ingredients_list>
    <Name>Onion</Name>
    <Org_parts>
      <Proteins>3</Proteins>
      <Fats>1</Fats>
      <Carbs>4</Carbs>
      <Vitamins>5</Vitamins>
      <Minerals>6</Minerals>
    </Org_parts>
    <Ingredient_type xsi:type="CookingDependentType">
      <Temperature_dependent>false</Temperature_dependent>
      <Way_of_cooking_dependent>true</Way_of_cooking_dependent>
      <Name>Vegetables</Name>
      <Additional_calories>4</Additional_calories>
      <Cooking_type>6</Cooking_type>
    </Ingredient_type>
  </Ingredients_list>
  <Ingredients_list>
    <Name>Apple</Name>
    <Org_parts>
      <Proteins>5</Proteins>
      <Fats>7</Fats>
      <Carbs>4</Carbs>
      <Vitamins>2</Vitamins>
      <Minerals>4</Minerals>
    </Org_parts>
    <Ingredient_type xsi:type="IndependentType">
      <Temperature_dependent>false</Temperature_dependent>
      <Way_of_cooking_dependent>false</Way_of_cooking_dependent>
      <Name>Fruits</Name>
    </Ingredient_type>
  </Ingredients_list>
  <Ingredients_list>
    <Name>Pineapple</Name>
    <Org_parts>
      <Proteins>4</Proteins>
      <Fats>1</Fats>
      <Carbs>2</Carbs>
      <Vitamins>5</Vitamins>
      <Minerals>2</Minerals>
    </Org_parts>
    <Ingredient_type xsi:type="IndependentType">
      <Temperature_dependent>false</Temperature_dependent>
      <Way_of_cooking_dependent>false</Way_of_cooking_dependent>
      <Name>Fruits</Name>
    </Ingredient_type>
  </Ingredients_list>
  <Weighted_ingredients_list>
    <Weight>300</Weight>
    <Ing>
      <Name>Onion</Name>
      <Org_parts>
        <Proteins>3</Proteins>
        <Fats>1</Fats>
        <Carbs>4</Carbs>
        <Vitamins>5</Vitamins>
        <Minerals>6</Minerals>
      </Org_parts>
      <Ingredient_type xsi:type="CookingDependentType">
        <Temperature_dependent>false</Temperature_dependent>
        <Way_of_cooking_dependent>true</Way_of_cooking_dependent>
        <Name>Vegetables</Name>
        <Additional_calories>4</Additional_calories>
        <Cooking_type>6</Cooking_type>
      </Ingredient_type>
    </Ing>
    <Weighted_org_parts>
      <Proteins>9</Proteins>
      <Fats>3</Fats>
      <Carbs>12</Carbs>
      <Vitamins>15</Vitamins>
      <Minerals>18</Minerals>
    </Weighted_org_parts>
  </Weighted_ingredients_list>
  <Weighted_ingredients_list>
    <Weight>100</Weight>
    <Ing>
      <Name>Apple</Name>
      <Org_parts>
        <Proteins>5</Proteins>
        <Fats>7</Fats>
        <Carbs>4</Carbs>
        <Vitamins>2</Vitamins>
        <Minerals>4</Minerals>
      </Org_parts>
      <Ingredient_type xsi:type="IndependentType">
        <Temperature_dependent>false</Temperature_dependent>
        <Way_of_cooking_dependent>false</Way_of_cooking_dependent>
        <Name>Fruits</Name>
      </Ingredient_type>
    </Ing>
    <Weighted_org_parts>
      <Proteins>5</Proteins>
      <Fats>7</Fats>
      <Carbs>4</Carbs>
      <Vitamins>2</Vitamins>
      <Minerals>4</Minerals>
    </Weighted_org_parts>
  </Weighted_ingredients_list>
  <Weighted_ingredients_list>
    <Weight>200</Weight>
    <Ing>
      <Name>Pineapple</Name>
      <Org_parts>
        <Proteins>4</Proteins>
        <Fats>1</Fats>
        <Carbs>2</Carbs>
        <Vitamins>5</Vitamins>
        <Minerals>2</Minerals>
      </Org_parts>
      <Ingredient_type xsi:type="IndependentType">
        <Temperature_dependent>false</Temperature_dependent>
        <Way_of_cooking_dependent>false</Way_of_cooking_dependent>
        <Name>Fruits</Name>
      </Ingredient_type>
    </Ing>
    <Weighted_org_parts>
      <Proteins>8</Proteins>
      <Fats>2</Fats>
      <Carbs>4</Carbs>
      <Vitamins>10</Vitamins>
      <Minerals>4</Minerals>
    </Weighted_org_parts>
  </Weighted_ingredients_list>
  <Recipes_list>
    <Name>Oliver</Name>
    <Description>Best dish</Description>
    <Temperature>30</Temperature>
    <Cooking_x0020_type>1</Cooking_x0020_type>
    <Ingredients>
      <Weight>300</Weight>
      <Ing>
        <Name>Onion</Name>
        <Org_parts>
          <Proteins>3</Proteins>
          <Fats>1</Fats>
          <Carbs>4</Carbs>
          <Vitamins>5</Vitamins>
          <Minerals>6</Minerals>
        </Org_parts>
        <Ingredient_type xsi:type="CookingDependentType">
          <Temperature_dependent>false</Temperature_dependent>
          <Way_of_cooking_dependent>true</Way_of_cooking_dependent>
          <Name>Vegetables</Name>
          <Additional_calories>4</Additional_calories>
          <Cooking_type>6</Cooking_type>
        </Ingredient_type>
      </Ing>
      <Weighted_org_parts>
        <Proteins>9</Proteins>
        <Fats>3</Fats>
        <Carbs>12</Carbs>
        <Vitamins>15</Vitamins>
        <Minerals>18</Minerals>
      </Weighted_org_parts>
    </Ingredients>
    <Ingredients>
      <Weight>100</Weight>
      <Ing>
        <Name>Apple</Name>
        <Org_parts>
          <Proteins>5</Proteins>
          <Fats>7</Fats>
          <Carbs>4</Carbs>
          <Vitamins>2</Vitamins>
          <Minerals>4</Minerals>
        </Org_parts>
        <Ingredient_type xsi:type="IndependentType">
          <Temperature_dependent>false</Temperature_dependent>
          <Way_of_cooking_dependent>false</Way_of_cooking_dependent>
          <Name>Fruits</Name>
        </Ingredient_type>
      </Ing>
      <Weighted_org_parts>
        <Proteins>5</Proteins>
        <Fats>7</Fats>
        <Carbs>4</Carbs>
        <Vitamins>2</Vitamins>
        <Minerals>4</Minerals>
      </Weighted_org_parts>
    </Ingredients>
    <Ingredients>
      <Weight>200</Weight>
      <Ing>
        <Name>Pineapple</Name>
        <Org_parts>
          <Proteins>4</Proteins>
          <Fats>1</Fats>
          <Carbs>2</Carbs>
          <Vitamins>5</Vitamins>
          <Minerals>2</Minerals>
        </Org_parts>
        <Ingredient_type xsi:type="IndependentType">
          <Temperature_dependent>false</Temperature_dependent>
          <Way_of_cooking_dependent>false</Way_of_cooking_dependent>
          <Name>Fruits</Name>
        </Ingredient_type>
      </Ing>
      <Weighted_org_parts>
        <Proteins>8</Proteins>
        <Fats>2</Fats>
        <Carbs>4</Carbs>
        <Vitamins>10</Vitamins>
        <Minerals>4</Minerals>
      </Weighted_org_parts>
    </Ingredients>
  </Recipes_list>
  <Recipes_list>
    <Name>Plate of pinaples</Name>
    <Description>A lot of them</Description>
    <Temperature>33</Temperature>
    <Cooking_x0020_type>2</Cooking_x0020_type>
    <Ingredients>
      <Weight>200</Weight>
      <Ing>
        <Name>Pineapple</Name>
        <Org_parts>
          <Proteins>4</Proteins>
          <Fats>1</Fats>
          <Carbs>2</Carbs>
          <Vitamins>5</Vitamins>
          <Minerals>2</Minerals>
        </Org_parts>
        <Ingredient_type xsi:type="IndependentType">
          <Temperature_dependent>false</Temperature_dependent>
          <Way_of_cooking_dependent>false</Way_of_cooking_dependent>
          <Name>Fruits</Name>
        </Ingredient_type>
      </Ing>
      <Weighted_org_parts>
        <Proteins>8</Proteins>
        <Fats>2</Fats>
        <Carbs>4</Carbs>
        <Vitamins>10</Vitamins>
        <Minerals>4</Minerals>
      </Weighted_org_parts>
    </Ingredients>
  </Recipes_list>
  <Recipes_list>
    <Name>1</Name>
    <Description>1</Description>
    <Temperature>1</Temperature>
    <Cooking_x0020_type>1</Cooking_x0020_type>
    <Ingredients>
      <Weight>300</Weight>
      <Ing>
        <Name>Onion</Name>
        <Org_parts>
          <Proteins>3</Proteins>
          <Fats>1</Fats>
          <Carbs>4</Carbs>
          <Vitamins>5</Vitamins>
          <Minerals>6</Minerals>
        </Org_parts>
        <Ingredient_type xsi:type="CookingDependentType">
          <Temperature_dependent>false</Temperature_dependent>
          <Way_of_cooking_dependent>true</Way_of_cooking_dependent>
          <Name>Vegetables</Name>
          <Additional_calories>4</Additional_calories>
          <Cooking_type>6</Cooking_type>
        </Ingredient_type>
      </Ing>
      <Weighted_org_parts>
        <Proteins>9</Proteins>
        <Fats>3</Fats>
        <Carbs>12</Carbs>
        <Vitamins>15</Vitamins>
        <Minerals>18</Minerals>
      </Weighted_org_parts>
    </Ingredients>
  </Recipes_list>
</Data>